Rank,Feature,Importance
1,count_ClaimID_perProvider,12.506232077316255
2,count_ClaimID_perProviderClmProcedureCode_4,8.578027803741294
3,count_ClaimID_perProviderClmProcedureCode_3,7.905802669200748
4,mean_Hospital_Days_perProvider,6.50466626881266
5,mean_DeductibleAmtPaid_perProvider,5.8666510863727
6,mean_IPAnnualReimbursementAmt_perProvider,5.437650177061683
7,count_ClaimID_perProviderClmProcedureCode_5,5.355178756562249
8,mean_Claim_Days_perProvider,5.215275929088569
9,mean_InscClaimAmtReimbursed_perProvider,5.074441967735811
10,mean_Age_perProvider,4.591568602762567
11,mean_OPAnnualDeductibleAmt_perProvider,4.467486178848676
12,mean_IPAnnualDeductibleAmt_perProvider,3.8407946133790105
13,count_ClaimID_perProviderClmDiagnosisCode_10,3.1522630832199123
14,mean_Risk_perProvider,2.8941513859032124
15,count_ClaimID_perProviderClmProcedureCode_2,2.6439704873563383
16,mean_OPAnnualReimbursementAmt_perProvider,2.557363929349698
17,count_ClaimID_perProviderAttendingPhysician,1.1878178398850887
18,count_ClaimID_perProviderClmProcedureCode_1,1.0691990384078665
19,count_ClaimID_perProviderDiagnosisGroupCode,1.0656521084620565
20,ChronicCond_Alzheimer_1,1.0032275342722976
21,Age_Category_Old,0.9996494924298324
22,Gender_1,0.7596015219532857
23,ChronicCond_Osteoporasis_0,0.7502675255375187
24,ChronicCond_rheumatoidarthritis_0,0.7279013967544684
25,Gender_0,0.7169634931482028
26,ChronicCond_Alzheimer_0,0.7102525037875055
27,ChronicCond_rheumatoidarthritis_1,0.5609241667881864
28,ChronicCond_Depression_1,0.5437540310540667
29,ChronicCond_Heartfailure_0,0.4504228011283789
30,ChronicCond_Diabetes_1,0.38960467623372397
31,ChronicCond_Diabetes_0,0.3724580307917075
32,ChronicCond_Osteoporasis_1,0.33662449492936797
33,ChronicCond_Heartfailure_1,0.27656429728972454
34,ChronicCond_KidneyDisease_0,0.21520163677894055
35,ChronicCond_Depression_0,0.20842355862983408
36,count_ClaimID_perProviderClmDiagnosisCode_8,0.17477472405562475
37,count_ClaimID_perProviderBeneID,0.16368963175577345
38,count_ClaimID_perProviderClmDiagnosisCode_9,0.1569172277121323
39,ChronicCond_ObstrPulmonary_0,0.13911694958819498
40,ChronicCond_IschemicHeart_0,0.09185870017052342
41,ChronicCond_IschemicHeart_1,0.07270805198854265
42,count_ClaimID_perProviderClmDiagnosisCode_7,0.06293016815883365
43,count_ClaimID_perProviderClmDiagnosisCode_4,0.04847335686471471
44,count_ClaimID_perProviderClmDiagnosisCode_5,0.043161713460498886
45,count_ClaimID_perProviderOtherPhysician,0.025100536501637676
46,count_ClaimID_perProviderOperatingPhysician,0.023586281124576357
47,count_ClaimID_perProviderClmDiagnosisCode_6,0.019745018275278126
48,mean_DeductibleAmtPaid_perAttendingPhysician,0.014253347412980252
49,mean_IPAnnualDeductibleAmt_perAttendingPhysician,0.006894983180071927
50,mean_InscClaimAmtReimbursed_perAttendingPhysician,0.006643325177357845
51,mean_Hospital_Days_perAttendingPhysician,0.006060239652144476
52,mean_Claim_Days_perBeneID,0.005509229052409303
53,mean_IPAnnualReimbursementAmt_perAttendingPhysician,0.0011243230274559713
54,mean_Hospital_Days_perClmDiagnosisCode_1,0.0010341055511516749
55,mean_Claim_Days_perAttendingPhysician,0.00022689223717904905
56,mean_Risk_perClmProcedureCode_4,0.00010704839611706124
57,mean_Hospital_Days_perClmProcedureCode_4,3.69066451890225e-05
58,mean_Hospital_Days_perClmProcedureCode_5,4.73309476653469e-06
59,mean_InscClaimAmtReimbursed_perClmProcedureCode_5,3.0956771328202365e-06
60,mean_IPAnnualReimbursementAmt_perClmProcedureCode_5,2.119527986586981e-06
61,mean_OPAnnualDeductibleAmt_perClmProcedureCode_5,1.414170651218891e-06
62,mean_Claim_Days_perClmProcedureCode_5,7.125677001758449e-07
63,mean_Risk_perOperatingPhysician,0.0
64,mean_InscClaimAmtReimbursed_perOtherPhysician,0.0
65,mean_DeductibleAmtPaid_perOtherPhysician,0.0
66,mean_IPAnnualReimbursementAmt_perOtherPhysician,0.0
67,mean_IPAnnualDeductibleAmt_perOtherPhysician,0.0
68,mean_OPAnnualReimbursementAmt_perOtherPhysician,0.0
69,mean_OPAnnualDeductibleAmt_perOtherPhysician,0.0
70,mean_Age_perOtherPhysician,0.0
71,mean_Hospital_Days_perOtherPhysician,0.0
72,mean_Claim_Days_perOtherPhysician,0.0
73,mean_Risk_perOtherPhysician,0.0
74,mean_InscClaimAmtReimbursed_perDiagnosisGroupCode,0.0
75,mean_DeductibleAmtPaid_perDiagnosisGroupCode,0.0
76,mean_IPAnnualReimbursementAmt_perDiagnosisGroupCode,0.0
77,mean_IPAnnualDeductibleAmt_perDiagnosisGroupCode,0.0
78,mean_OPAnnualReimbursementAmt_perDiagnosisGroupCode,0.0
79,mean_OPAnnualDeductibleAmt_perDiagnosisGroupCode,0.0
80,mean_Age_perDiagnosisGroupCode,0.0
81,mean_Hospital_Days_perDiagnosisGroupCode,0.0
82,mean_Claim_Days_perDiagnosisGroupCode,0.0
83,mean_Risk_perDiagnosisGroupCode,0.0
84,mean_InscClaimAmtReimbursed_perClmAdmitDiagnosisCode,0.0
85,mean_DeductibleAmtPaid_perClmAdmitDiagnosisCode,0.0
86,mean_IPAnnualReimbursementAmt_perClmAdmitDiagnosisCode,0.0
87,mean_IPAnnualDeductibleAmt_perClmAdmitDiagnosisCode,0.0
88,mean_OPAnnualReimbursementAmt_perClmAdmitDiagnosisCode,0.0
89,mean_OPAnnualDeductibleAmt_perClmAdmitDiagnosisCode,0.0
90,mean_Age_perClmAdmitDiagnosisCode,0.0
91,mean_Hospital_Days_perClmAdmitDiagnosisCode,0.0
92,mean_Claim_Days_perClmAdmitDiagnosisCode,0.0
93,mean_Risk_perClmAdmitDiagnosisCode,0.0
94,mean_InscClaimAmtReimbursed_perClmProcedureCode_1,0.0
95,mean_DeductibleAmtPaid_perClmProcedureCode_1,0.0
96,mean_IPAnnualReimbursementAmt_perClmProcedureCode_1,0.0
97,mean_IPAnnualDeductibleAmt_perClmProcedureCode_1,0.0
98,mean_OPAnnualReimbursementAmt_perClmProcedureCode_1,0.0
99,mean_OPAnnualDeductibleAmt_perClmProcedureCode_1,0.0
100,mean_Age_perClmProcedureCode_1,0.0
101,mean_Hospital_Days_perClmProcedureCode_1,0.0
102,mean_Claim_Days_perClmProcedureCode_1,0.0
103,mean_Risk_perClmProcedureCode_1,0.0
104,mean_InscClaimAmtReimbursed_perClmProcedureCode_2,0.0
105,mean_DeductibleAmtPaid_perClmProcedureCode_2,0.0
106,mean_IPAnnualReimbursementAmt_perClmProcedureCode_2,0.0
107,mean_IPAnnualDeductibleAmt_perClmProcedureCode_2,0.0
108,mean_OPAnnualReimbursementAmt_perClmProcedureCode_2,0.0
109,mean_OPAnnualDeductibleAmt_perClmProcedureCode_2,0.0
110,mean_Age_perClmProcedureCode_2,0.0
111,mean_Hospital_Days_perClmProcedureCode_2,0.0
112,mean_Claim_Days_perClmProcedureCode_2,0.0
113,mean_Risk_perClmProcedureCode_2,0.0
114,mean_InscClaimAmtReimbursed_perClmProcedureCode_3,0.0
115,mean_DeductibleAmtPaid_perClmProcedureCode_3,0.0
116,mean_IPAnnualReimbursementAmt_perClmProcedureCode_3,0.0
117,mean_IPAnnualDeductibleAmt_perClmProcedureCode_3,0.0
118,mean_OPAnnualReimbursementAmt_perClmProcedureCode_3,0.0
119,mean_OPAnnualDeductibleAmt_perClmProcedureCode_3,0.0
120,mean_Age_perClmProcedureCode_3,0.0
121,mean_Hospital_Days_perClmProcedureCode_3,0.0
122,mean_Claim_Days_perClmProcedureCode_3,0.0
123,mean_Risk_perClmProcedureCode_3,0.0
124,mean_InscClaimAmtReimbursed_perClmProcedureCode_4,0.0
125,mean_DeductibleAmtPaid_perClmProcedureCode_4,0.0
126,mean_IPAnnualReimbursementAmt_perClmProcedureCode_4,0.0
127,mean_IPAnnualDeductibleAmt_perClmProcedureCode_4,0.0
128,mean_OPAnnualReimbursementAmt_perClmProcedureCode_4,0.0
129,mean_OPAnnualDeductibleAmt_perClmProcedureCode_4,0.0
130,mean_Age_perClmProcedureCode_4,0.0
131,mean_Claim_Days_perClmProcedureCode_4,0.0
132,mean_DeductibleAmtPaid_perClmProcedureCode_5,0.0
133,mean_IPAnnualDeductibleAmt_perClmProcedureCode_5,0.0
134,mean_OPAnnualReimbursementAmt_perClmProcedureCode_5,0.0
135,mean_Age_perClmProcedureCode_5,0.0
136,mean_Risk_perClmProcedureCode_5,0.0
137,mean_InscClaimAmtReimbursed_perClmProcedureCode_6,0.0
138,mean_DeductibleAmtPaid_perClmProcedureCode_6,0.0
139,mean_IPAnnualReimbursementAmt_perClmProcedureCode_6,0.0
140,mean_IPAnnualDeductibleAmt_perClmProcedureCode_6,0.0
141,mean_OPAnnualReimbursementAmt_perClmProcedureCode_6,0.0
142,mean_OPAnnualDeductibleAmt_perClmProcedureCode_6,0.0
143,mean_Age_perClmProcedureCode_6,0.0
144,mean_Hospital_Days_perClmProcedureCode_6,0.0
145,mean_Claim_Days_perClmProcedureCode_6,0.0
146,mean_Risk_perClmProcedureCode_6,0.0
147,mean_InscClaimAmtReimbursed_perClmDiagnosisCode_1,0.0
148,mean_DeductibleAmtPaid_perClmDiagnosisCode_1,0.0
149,mean_IPAnnualReimbursementAmt_perClmDiagnosisCode_1,0.0
150,mean_IPAnnualDeductibleAmt_perClmDiagnosisCode_1,0.0
151,mean_OPAnnualReimbursementAmt_perClmDiagnosisCode_1,0.0
152,mean_OPAnnualDeductibleAmt_perClmDiagnosisCode_1,0.0
153,mean_Age_perClmDiagnosisCode_1,0.0
154,RenalDiseaseIndicator,0.0
155,mean_Claim_Days_perClmDiagnosisCode_1,0.0
156,mean_Risk_perClmDiagnosisCode_1,0.0
157,mean_InscClaimAmtReimbursed_perClmDiagnosisCode_2,0.0
158,mean_DeductibleAmtPaid_perClmDiagnosisCode_2,0.0
159,mean_IPAnnualReimbursementAmt_perClmDiagnosisCode_2,0.0
160,mean_IPAnnualDeductibleAmt_perClmDiagnosisCode_2,0.0
161,mean_OPAnnualReimbursementAmt_perClmDiagnosisCode_2,0.0
162,mean_OPAnnualDeductibleAmt_perClmDiagnosisCode_2,0.0
163,mean_Age_perClmDiagnosisCode_2,0.0
164,mean_Hospital_Days_perClmDiagnosisCode_2,0.0
165,mean_Claim_Days_perClmDiagnosisCode_2,0.0
166,mean_Risk_perClmDiagnosisCode_2,0.0
167,mean_InscClaimAmtReimbursed_perClmDiagnosisCode_3,0.0
168,mean_DeductibleAmtPaid_perClmDiagnosisCode_3,0.0
169,mean_IPAnnualReimbursementAmt_perClmDiagnosisCode_3,0.0
170,mean_IPAnnualDeductibleAmt_perClmDiagnosisCode_3,0.0
171,mean_OPAnnualReimbursementAmt_perClmDiagnosisCode_3,0.0
172,mean_OPAnnualDeductibleAmt_perClmDiagnosisCode_3,0.0
173,mean_Age_perClmDiagnosisCode_3,0.0
174,mean_Hospital_Days_perClmDiagnosisCode_3,0.0
175,mean_Claim_Days_perClmDiagnosisCode_3,0.0
176,mean_Risk_perClmDiagnosisCode_3,0.0
177,mean_InscClaimAmtReimbursed_perClmDiagnosisCode_4,0.0
178,mean_DeductibleAmtPaid_perClmDiagnosisCode_4,0.0
179,mean_IPAnnualReimbursementAmt_perClmDiagnosisCode_4,0.0
180,mean_IPAnnualDeductibleAmt_perClmDiagnosisCode_4,0.0
181,mean_OPAnnualReimbursementAmt_perClmDiagnosisCode_4,0.0
182,mean_OPAnnualDeductibleAmt_perClmDiagnosisCode_4,0.0
183,mean_Age_perClmDiagnosisCode_4,0.0
184,mean_Hospital_Days_perClmDiagnosisCode_4,0.0
185,mean_Claim_Days_perClmDiagnosisCode_4,0.0
186,mean_Risk_perClmDiagnosisCode_4,0.0
187,mean_InscClaimAmtReimbursed_perClmDiagnosisCode_5,0.0
188,mean_DeductibleAmtPaid_perClmDiagnosisCode_5,0.0
189,mean_IPAnnualReimbursementAmt_perClmDiagnosisCode_5,0.0
190,mean_IPAnnualDeductibleAmt_perClmDiagnosisCode_5,0.0
191,mean_OPAnnualReimbursementAmt_perClmDiagnosisCode_5,0.0
192,mean_OPAnnualDeductibleAmt_perClmDiagnosisCode_5,0.0
193,mean_Age_perClmDiagnosisCode_5,0.0
194,mean_Hospital_Days_perClmDiagnosisCode_5,0.0
195,mean_Claim_Days_perClmDiagnosisCode_5,0.0
196,mean_Risk_perClmDiagnosisCode_5,0.0
197,mean_InscClaimAmtReimbursed_perClmDiagnosisCode_6,0.0
198,mean_DeductibleAmtPaid_perClmDiagnosisCode_6,0.0
199,mean_IPAnnualReimbursementAmt_perClmDiagnosisCode_6,0.0
200,mean_IPAnnualDeductibleAmt_perClmDiagnosisCode_6,0.0
201,mean_OPAnnualReimbursementAmt_perClmDiagnosisCode_6,0.0
202,mean_OPAnnualDeductibleAmt_perClmDiagnosisCode_6,0.0
203,mean_Age_perClmDiagnosisCode_6,0.0
204,mean_Hospital_Days_perClmDiagnosisCode_6,0.0
205,mean_Claim_Days_perClmDiagnosisCode_6,0.0
206,mean_Risk_perClmDiagnosisCode_6,0.0
207,mean_InscClaimAmtReimbursed_perClmDiagnosisCode_7,0.0
208,mean_DeductibleAmtPaid_perClmDiagnosisCode_7,0.0
209,mean_IPAnnualReimbursementAmt_perClmDiagnosisCode_7,0.0
210,mean_IPAnnualDeductibleAmt_perClmDiagnosisCode_7,0.0
211,mean_OPAnnualReimbursementAmt_perClmDiagnosisCode_7,0.0
212,mean_OPAnnualDeductibleAmt_perClmDiagnosisCode_7,0.0
213,mean_Age_perClmDiagnosisCode_7,0.0
214,mean_Hospital_Days_perClmDiagnosisCode_7,0.0
215,mean_Claim_Days_perClmDiagnosisCode_7,0.0
216,mean_Risk_perClmDiagnosisCode_7,0.0
217,mean_InscClaimAmtReimbursed_perClmDiagnosisCode_8,0.0
218,mean_DeductibleAmtPaid_perClmDiagnosisCode_8,0.0
219,mean_IPAnnualReimbursementAmt_perClmDiagnosisCode_8,0.0
220,mean_IPAnnualDeductibleAmt_perClmDiagnosisCode_8,0.0
221,mean_OPAnnualReimbursementAmt_perClmDiagnosisCode_8,0.0
222,mean_OPAnnualDeductibleAmt_perClmDiagnosisCode_8,0.0
223,mean_Age_perClmDiagnosisCode_8,0.0
224,mean_Hospital_Days_perClmDiagnosisCode_8,0.0
225,mean_Claim_Days_perClmDiagnosisCode_8,0.0
226,NoOfMonths_PartACov,0.0
227,mean_InscClaimAmtReimbursed_perClmDiagnosisCode_9,0.0
228,mean_DeductibleAmtPaid_perClmDiagnosisCode_9,0.0
229,mean_IPAnnualReimbursementAmt_perClmDiagnosisCode_9,0.0
230,mean_IPAnnualDeductibleAmt_perClmDiagnosisCode_9,0.0
231,mean_OPAnnualReimbursementAmt_perClmDiagnosisCode_9,0.0
232,mean_OPAnnualDeductibleAmt_perClmDiagnosisCode_9,0.0
233,mean_Age_perClmDiagnosisCode_9,0.0
234,mean_Hospital_Days_perClmDiagnosisCode_9,0.0
235,mean_Claim_Days_perClmDiagnosisCode_9,0.0
236,mean_Risk_perClmDiagnosisCode_9,0.0
237,mean_InscClaimAmtReimbursed_perClmDiagnosisCode_10,0.0
238,mean_DeductibleAmtPaid_perClmDiagnosisCode_10,0.0
239,mean_IPAnnualReimbursementAmt_perClmDiagnosisCode_10,0.0
240,mean_IPAnnualDeductibleAmt_perClmDiagnosisCode_10,0.0
241,mean_OPAnnualReimbursementAmt_perClmDiagnosisCode_10,0.0
242,mean_OPAnnualDeductibleAmt_perClmDiagnosisCode_10,0.0
243,mean_Age_perClmDiagnosisCode_10,0.0
244,mean_Hospital_Days_perClmDiagnosisCode_10,0.0
245,mean_Claim_Days_perClmDiagnosisCode_10,0.0
246,mean_Risk_perClmDiagnosisCode_10,0.0
247,NoOfMonths_PartBCov,0.0
248,IPAnnualReimbursementAmt,0.0
249,IPAnnualDeductibleAmt,0.0
250,OPAnnualReimbursementAmt,0.0
251,OPAnnualDeductibleAmt,0.0
252,count_ClaimID_perProviderClmAdmitDiagnosisCode,0.0
253,Claim_Days,0.0
254,Hospital_Days,0.0
255,mean_DeductibleAmtPaid_perBeneID,0.0
256,InscClaimAmtReimbursed,0.0
257,ChronicCond_KidneyDisease_1,0.0
258,count_ClaimID_perProviderClmDiagnosisCode_1,0.0
259,count_ClaimID_perProviderClmDiagnosisCode_2,0.0
260,count_ClaimID_perProviderClmDiagnosisCode_3,0.0
261,ChronicCond_Cancer_0,0.0
262,ChronicCond_Cancer_1,0.0
263,mean_Risk_perClmDiagnosisCode_8,0.0
264,ChronicCond_ObstrPulmonary_1,0.0
265,mean_IPAnnualReimbursementAmt_perBeneID,0.0
266,mean_IPAnnualDeductibleAmt_perBeneID,0.0
267,mean_OPAnnualReimbursementAmt_perBeneID,0.0
268,mean_OPAnnualDeductibleAmt_perBeneID,0.0
269,mean_Age_perBeneID,0.0
270,mean_Hospital_Days_perBeneID,0.0
271,mean_Risk_perBeneID,0.0
272,IsHospitalized,0.0
273,ChronicCond_stroke_0,0.0
274,ChronicCond_stroke_1,0.0
275,Age_Category_Adult,0.0
276,mean_OPAnnualReimbursementAmt_perAttendingPhysician,0.0
277,Age_Category_Very Old,0.0
278,Age_Category_Young,0.0
279,mean_OPAnnualDeductibleAmt_perAttendingPhysician,0.0
280,mean_Age_perAttendingPhysician,0.0
281,Race_1,0.0
282,Race_2,0.0
283,Race_3,0.0
284,Race_5,0.0
285,Difference,0.0
286,IsAlive,0.0
287,Age,0.0
288,Risk,0.0
289,mean_Risk_perAttendingPhysician,0.0
290,mean_InscClaimAmtReimbursed_perOperatingPhysician,0.0
291,mean_DeductibleAmtPaid_perOperatingPhysician,0.0
292,mean_IPAnnualReimbursementAmt_perOperatingPhysician,0.0
293,mean_IPAnnualDeductibleAmt_perOperatingPhysician,0.0
294,mean_OPAnnualReimbursementAmt_perOperatingPhysician,0.0
295,mean_OPAnnualDeductibleAmt_perOperatingPhysician,0.0
296,mean_Age_perOperatingPhysician,0.0
297,mean_Hospital_Days_perOperatingPhysician,0.0
298,mean_Claim_Days_perOperatingPhysician,0.0
299,mean_InscClaimAmtReimbursed_perBeneID,0.0
300,DeductibleAmtPaid,0.0
